{"data_time": 0.007628117500189546, "eta_seconds": 320.4192820499793, "fast_rcnn/cls_accuracy": 0.90234375, "fast_rcnn/false_negative": 1.0, "fast_rcnn/fg_cls_accuracy": 0.0, "iteration": 19, "loss_box_reg": 0.28541311621665955, "loss_cls": 0.2575749158859253, "loss_rpn_cls": 0.03627770207822323, "loss_rpn_loc": 0.010662158485502005, "lr": 0.0019181, "roi_head/num_bg_samples": 117.75, "roi_head/num_fg_samples": 10.25, "rpn/num_neg_anchors": 250.75, "rpn/num_pos_anchors": 5.25, "time": 1.780107122499885, "total_loss": 0.7209881883754861}
{"data_time": 0.00669252650004637, "eta_seconds": 310.3145594399757, "fast_rcnn/cls_accuracy": 0.96484375, "fast_rcnn/false_negative": 0.20941558441558442, "fast_rcnn/fg_cls_accuracy": 0.7905844155844155, "iteration": 39, "loss_box_reg": 0.3525009900331497, "loss_cls": 0.12941735982894897, "loss_rpn_cls": 0.012281490955501795, "loss_rpn_loc": 0.007915127789601684, "lr": 0.0039161000000000005, "roi_head/num_bg_samples": 113.75, "roi_head/num_fg_samples": 14.25, "rpn/num_neg_anchors": 250.5, "rpn/num_pos_anchors": 5.5, "time": 1.9768688574999942, "total_loss": 0.45441679906798527}
{"data_time": 0.007436883000082162, "eta_seconds": 270.0736680599539, "fast_rcnn/cls_accuracy": 0.96484375, "fast_rcnn/false_negative": 0.18803418803418803, "fast_rcnn/fg_cls_accuracy": 0.811965811965812, "iteration": 59, "loss_box_reg": 0.22969220578670502, "loss_cls": 0.08991962298750877, "loss_rpn_cls": 0.010670372750610113, "loss_rpn_loc": 0.006823110161349177, "lr": 0.0059141, "roi_head/num_bg_samples": 114.0, "roi_head/num_fg_samples": 14.0, "rpn/num_neg_anchors": 251.0, "rpn/num_pos_anchors": 5.0, "time": 1.8469656459999442, "total_loss": 0.33778111869469285}
{"data_time": 0.007574995999902967, "eta_seconds": 232.45189061999554, "fast_rcnn/cls_accuracy": 0.94140625, "fast_rcnn/false_negative": 0.125, "fast_rcnn/fg_cls_accuracy": 0.875, "iteration": 79, "loss_box_reg": 0.24629290401935577, "loss_cls": 0.11988459527492523, "loss_rpn_cls": 0.0036018413957208395, "loss_rpn_loc": 0.007460854249075055, "lr": 0.007912100000000002, "roi_head/num_bg_samples": 113.0, "roi_head/num_fg_samples": 15.0, "rpn/num_neg_anchors": 251.0, "rpn/num_pos_anchors": 5.0, "time": 1.9898803834998944, "total_loss": 0.3708996642671991}
{"data_time": 0.008196933999897738, "eta_seconds": 192.90976289996706, "fast_rcnn/cls_accuracy": 0.96484375, "fast_rcnn/false_negative": 0.2, "fast_rcnn/fg_cls_accuracy": 0.8, "iteration": 99, "loss_box_reg": 0.21912973374128342, "loss_cls": 0.09388097748160362, "loss_rpn_cls": 0.004453810164704919, "loss_rpn_loc": 0.005854662042111158, "lr": 0.0099101, "roi_head/num_bg_samples": 114.5, "roi_head/num_fg_samples": 13.5, "rpn/num_neg_anchors": 251.5, "rpn/num_pos_anchors": 4.5, "time": 1.9011021700000583, "total_loss": 0.3465476189740002}
{"data_time": 0.007188865499983876, "eta_seconds": 153.77274795999256, "fast_rcnn/cls_accuracy": 0.955078125, "fast_rcnn/false_negative": 0.24404761904761904, "fast_rcnn/fg_cls_accuracy": 0.7559523809523809, "iteration": 119, "loss_box_reg": 0.23116356879472733, "loss_cls": 0.14526081830263138, "loss_rpn_cls": 0.0068577013444155455, "loss_rpn_loc": 0.006412896327674389, "lr": 0.0119081, "roi_head/num_bg_samples": 114.5, "roi_head/num_fg_samples": 13.5, "rpn/num_neg_anchors": 252.0, "rpn/num_pos_anchors": 4.0, "time": 1.882541141000047, "total_loss": 0.38513519847765565}
{"data_time": 0.007444429499855687, "eta_seconds": 115.05647829000281, "fast_rcnn/cls_accuracy": 0.95703125, "fast_rcnn/false_negative": 0.2937062937062937, "fast_rcnn/fg_cls_accuracy": 0.7062937062937062, "iteration": 139, "loss_box_reg": 0.24237346649169922, "loss_cls": 0.1130361557006836, "loss_rpn_cls": 0.0038895205361768603, "loss_rpn_loc": 0.005717541556805372, "lr": 0.0139061, "roi_head/num_bg_samples": 115.0, "roi_head/num_fg_samples": 13.0, "rpn/num_neg_anchors": 252.5, "rpn/num_pos_anchors": 3.5, "time": 1.9061362195000129, "total_loss": 0.38037815876305103}
{"data_time": 0.007400959500046156, "eta_seconds": 76.40618489999724, "fast_rcnn/cls_accuracy": 0.955078125, "fast_rcnn/false_negative": 0.4053295932678822, "fast_rcnn/fg_cls_accuracy": 0.5946704067321178, "iteration": 159, "loss_box_reg": 0.22979868948459625, "loss_cls": 0.1372254490852356, "loss_rpn_cls": 0.003503678599372506, "loss_rpn_loc": 0.007783188484609127, "lr": 0.0159041, "roi_head/num_bg_samples": 115.25, "roi_head/num_fg_samples": 12.75, "rpn/num_neg_anchors": 251.5, "rpn/num_pos_anchors": 4.5, "time": 1.7880815139999413, "total_loss": 0.3738412712700665}
{"data_time": 0.007350389500061283, "eta_seconds": 38.20309244999862, "fast_rcnn/cls_accuracy": 0.958984375, "fast_rcnn/false_negative": 0.19047619047619047, "fast_rcnn/fg_cls_accuracy": 0.8095238095238095, "iteration": 179, "loss_box_reg": 0.21015769988298416, "loss_cls": 0.10184754431247711, "loss_rpn_cls": 0.010397696401923895, "loss_rpn_loc": 0.009586574044078588, "lr": 0.0179021, "roi_head/num_bg_samples": 117.0, "roi_head/num_fg_samples": 11.0, "rpn/num_neg_anchors": 251.75, "rpn/num_pos_anchors": 4.25, "time": 1.9098721754999133, "total_loss": 0.3557740121614188}
{"data_time": 0.007762421999814251, "eta_seconds": 0.0, "fast_rcnn/cls_accuracy": 0.966796875, "fast_rcnn/false_negative": 0.19292803970223327, "fast_rcnn/fg_cls_accuracy": 0.8070719602977667, "iteration": 199, "loss_box_reg": 0.20349020510911942, "loss_cls": 0.09508055076003075, "loss_rpn_cls": 0.005217083962634206, "loss_rpn_loc": 0.00943184457719326, "lr": 0.0199001, "roi_head/num_bg_samples": 115.5, "roi_head/num_fg_samples": 12.5, "rpn/num_neg_anchors": 251.25, "rpn/num_pos_anchors": 4.75, "time": 1.8978466784999455, "total_loss": 0.3131770495092496}
{"data_time": 0.007615776999955415, "eta_seconds": 150.29540171999543, "fast_rcnn/cls_accuracy": 0.970703125, "fast_rcnn/false_negative": 0.17954911433172302, "fast_rcnn/fg_cls_accuracy": 0.820450885668277, "iteration": 219, "loss_box_reg": 0.23671360313892365, "loss_cls": 0.07635031268000603, "loss_rpn_cls": 0.002623600885272026, "loss_rpn_loc": 0.010135088581591845, "lr": 0.0146054, "roi_head/num_bg_samples": 115.0, "roi_head/num_fg_samples": 13.0, "rpn/num_neg_anchors": 250.25, "rpn/num_pos_anchors": 5.75, "time": 1.8786925214999428, "total_loss": 0.34248331739217974}
{"data_time": 0.008831890500005102, "eta_seconds": 117.6150539999935, "fast_rcnn/cls_accuracy": 0.98046875, "fast_rcnn/false_negative": 0.07993730407523511, "fast_rcnn/fg_cls_accuracy": 0.9200626959247649, "iteration": 239, "loss_box_reg": 0.21950862556695938, "loss_cls": 0.05800074711441994, "loss_rpn_cls": 0.006136971991509199, "loss_rpn_loc": 0.006119520636275411, "lr": 0.0159374, "roi_head/num_bg_samples": 114.5, "roi_head/num_fg_samples": 13.5, "rpn/num_neg_anchors": 250.5, "rpn/num_pos_anchors": 5.5, "time": 2.0392045164999217, "total_loss": 0.29423742508515716}
{"data_time": 0.007166824999785604, "eta_seconds": 79.06964665999112, "fast_rcnn/cls_accuracy": 0.97265625, "fast_rcnn/false_negative": 0.14285714285714285, "fast_rcnn/fg_cls_accuracy": 0.8571428571428571, "iteration": 259, "loss_box_reg": 0.2178998589515686, "loss_cls": 0.07603957131505013, "loss_rpn_cls": 0.003704176633618772, "loss_rpn_loc": 0.006345761474221945, "lr": 0.0172694, "roi_head/num_bg_samples": 115.0, "roi_head/num_fg_samples": 13.0, "rpn/num_neg_anchors": 251.5, "rpn/num_pos_anchors": 4.5, "time": 2.0308109794998472, "total_loss": 0.3168636787449941}
{"data_time": 0.00784421949992975, "eta_seconds": 39.53482332999556, "fast_rcnn/cls_accuracy": 0.96484375, "fast_rcnn/false_negative": 0.16869918699186992, "fast_rcnn/fg_cls_accuracy": 0.8313008130081301, "iteration": 279, "loss_box_reg": 0.20570671558380127, "loss_cls": 0.10485488921403885, "loss_rpn_cls": 0.007663137512281537, "loss_rpn_loc": 0.007574679329991341, "lr": 0.0186014, "roi_head/num_bg_samples": 113.75, "roi_head/num_fg_samples": 14.25, "rpn/num_neg_anchors": 250.25, "rpn/num_pos_anchors": 5.75, "time": 2.0011252460001288,